{"macros":{"hiddenMacros":[" SAFETY_DUAL_MOVE","ACTIVATE_DUPLICATION_MODE","ACTIVATE_FULL_CONTROL_MODE","ACTIVATE_MIRRORED_MODE","ACTIVATE_TOOL","CARRIAGE_PRINT_FAN","CHANGE_TOOL","LED_COUNT","LOAD_BUTTON","M106","M107","M300","M600","M601","M602","M606","M701","M702","M81","PARK_TOOL","POWER_LOOS_VARIABLE","POWER_LOSS","PURGE_MORE","REGENERATION_TOWER","RESTORE_Z_HOP","RESUME_BUTTON ","RESUME_PRINT","SAVE_RESTORE_VARIABLE","SE_VARS","SETTING_NEW_TOOL","TRIGGER_POWER_LOSS_RECOVERY","TRIGGER_RUNOUT","VARIABLE","WAIT_FOR","Z_HOP_TOOL"," SAVE_PRINT_OFFSET_Z"," SETTINGS_TOOL","ACTIVATE_CARRIAGE","ACTIVATE_HOTEND","APPLY_OFFSETS_TOOL","APPLY_X_OFFSETS_TOOL","CHANGE_CARRIAGE","DEFAULT_TOOL_T0","DEFAULT_TOOL_T1","DEFAULT_TOOL_T2","DEFAULT_TOOL_T3","LOAD_FILAMENT","PARK_CARRIAGE","PARK_HOTEND_POSITION","POWER_DETECT_LOOS ","SET_HOTEND","SET_NEOPIXEL","SET_SYNC_HEATERS_MODE","SYNC_SWITCHING_TOOL_0","SYNC_SWITCHING_TOOL_1","UNLOAD_FILAMENT","VARIABLE_STATUS","DELETE_OFFSET_TOOL","SAVE_OFFSET_TOOL","SAVE_NEW_OFFSET_TOOL"," RESTORE_OFFSET_TOOL","DELETE_ALT_OFFSET_TOOL","SAVE_PRINT_OFFSET_Z","M605"," _INIT_IDEX_TOOLS"," WIPE_TOWER_NOZZLE_400"," XX_INIT_SWITCHING_EXTRUDER","PRINT_WIPE_TOWER","PWM_ANGLE_CALC","RESET_AREA_WIPE_TOWER","RESTORE_VARIABLE_HOTEND_OFFSET","RESTORE_VARIABLE_TOOLCHANGE_PARAM","SAVE_VARIABLE_HOTEND_OFFSET","SAVE_VARIABLE_TOOLCHANGE_PARAM","SET_AREA_WIPE_TOWER","TOOL_CHANGE_T0","TOOL_CHANGE_T1"," _TOWER_NOZZLE_400"," _INIT_SWITCHING_EXTRUDER","DEFINE_TOOL","RESTORE_Z_TOOL","TEST_LENGTH","TEST_RESPOND","TEST_CARRIAGE_TOOL","TEST_VAR","DELETE_USER_VARIABLE","SET_TEMP_OFFSET","SET_BEEPER","M150","M280","SWITCHING_EXTRUDER","SYNC_CHANGE_CARRIAGE","TEST_NS","RESTORE_VARIABLE_TOOL_CHANGE_PARAM","RESTORE_USER_VARIABLE","SAVE_VARIABLE_TOOL_CHANGE_PARAM","GET_VARIABLE_TOOL_CHANGE_PARAM","SWITCHING_SERVO","M218","ACTIVATE_IDEX","RESET_EXTRUDER_MOVEMENT","ACTUAL_CARRIAGE_OFFSET","DEFAULT_EXTRUDER_SETTINGS","SET_CARRIAGE_OFFSET","DISABLE_CARRIAGE_0","DISABLE_CARRIAGE_1","APPLY_AXIS_OFFSETS_TOOL","SYNC_SWITCHING_TOOL","SWITCHING_HOTEND","CHANGE_GANTRY","PARK_GANTRY","ACTIVATE_GANTRY","GANTRY_PRINT_FAN","DUMP_PARAMETERS","DISPLAY_VARIABLE"],"mode":"expert","macrogroups":{"ade08111-6912-4c6f-96de-42c8776fb4cb":{"name":"MFG","color":"primary","colorCustom":"#fff","showInStandby":true,"showInPause":true,"showInPrinting":true,"macros":[{"pos":1,"name":"DUMP_MACRO_GCODE","color":"group","showInStandby":true,"showInPrinting":true,"showInPause":true},{"pos":2,"name":"DUMP_PRINTER_PARAM","color":"group","showInStandby":true,"showInPrinting":true,"showInPause":true},{"pos":3,"name":"DUMP_CONFIG","color":"group","showInStandby":true,"showInPrinting":true,"showInPause":true},{"pos":4,"name":"GET_USER_VARIABLE","color":"secondary","showInStandby":true,"showInPrinting":true,"showInPause":true},{"pos":5,"name":"GET_MACRO_INIT","color":"secondary","showInStandby":true,"showInPrinting":true,"showInPause":true},{"pos":6,"name":"GET_DISPLAY_VARIABLE","color":"secondary","showInStandby":true,"showInPrinting":true,"showInPause":true},{"pos":7,"name":"SAVE_USER_VARIABLE","color":"success","showInStandby":true,"showInPrinting":true,"showInPause":true},{"pos":8,"name":"RUN_MACRO_INIT","color":"success","showInStandby":true,"showInPrinting":true,"showInPause":true},{"pos":9,"name":"TEST_STEPPER","color":"primary","showInStandby":true,"showInPrinting":true,"showInPause":true},{"pos":10,"name":"T0","color":"warning","showInStandby":true,"showInPrinting":true,"showInPause":true},{"pos":11,"name":"T1","color":"warning","showInStandby":true,"showInPrinting":true,"showInPause":true},{"pos":12,"name":"T2","color":"warning","showInStandby":true,"showInPrinting":true,"showInPause":true},{"pos":13,"name":"T3","color":"warning","showInStandby":true,"showInPrinting":true,"showInPause":true},{"pos":14,"name":"T4","color":"warning","showInStandby":true,"showInPrinting":true,"showInPause":true},{"pos":15,"name":"T5","color":"warning","showInStandby":true,"showInPrinting":true,"showInPause":true},{"pos":16,"name":"T6","color":"warning","showInStandby":true,"showInPrinting":true,"showInPause":true},{"pos":17,"name":"DELETE_SAVE_VARIABLE","color":"error","showInStandby":true,"showInPrinting":true,"showInPause":true},{"pos":18,"name":"TEST_TOOLHEAD","color":"group","showInStandby":true,"showInPrinting":true,"showInPause":true},{"pos":19,"name":"TEST","color":"group","showInStandby":true,"showInPrinting":true,"showInPause":true},{"pos":20,"name":"TEST_OCTO_STEPPER","color":"group","showInStandby":true,"showInPrinting":true,"showInPause":true},{"pos":21,"name":"DUMP_LIST","color":"group","showInStandby":true,"showInPrinting":true,"showInPause":true},{"pos":22,"name":"TEST_IDEX","color":"success","showInStandby":true,"showInPrinting":true,"showInPause":true},{"pos":23,"name":"TEST_SAVE","color":"success","showInStandby":true,"showInPrinting":true,"showInPause":true},{"pos":24,"name":"TEST_IDEX_DUAL","color":"success","showInStandby":true,"showInPrinting":true,"showInPause":true},{"pos":25,"name":"SET_TEMP_OFFSET","color":"group","showInStandby":true,"showInPrinting":true,"showInPause":true}]}}},"dashboard":{"desktopLayout1":[{"name":"macrogroup_ade08111-6912-4c6f-96de-42c8776fb4cb","visible":true},{"name":"webcam","visible":false},{"name":"toolhead-control","visible":true},{"name":"extruder-control","visible":false},{"name":"machine-settings","visible":true},{"name":"miscellaneous","visible":true}],"desktopLayout2":[{"name":"temperature","visible":true},{"name":"miniconsole","visible":true}],"widescreenLayout1":[{"name":"zoffset","visible":true},{"name":"control","visible":true},{"name":"macros","visible":true},{"name":"miscellaneous","visible":true}],"widescreenLayout2":[{"name":"temperature","visible":true},{"name":"printsettings","visible":true},{"name":"machine-settings","visible":true}],"widescreenLayout3":[{"name":"webcam","visible":true},{"name":"miniconsole","visible":true}],"nonExpandPanels":{"widescreen":["zoffset-panel","printsettings-panel","machine-settings-panel","miscellaneous-panel","control-panel","webcam-panel","tools-panel"],"desktop":["extruder-control-panel","webcam-panel","machine-settings-panel","toolhead-control-panel","status-panel","temperature-panel"]}}}